Workbook

Sheet Dashboard
A1: Dashboard
A2: Roll-up guidance + lineage navigator (design phase)
A4: Roll-up counts (guidance only)
A5: Level | B5: Current | C5: Guidance Min | D5: Guidance Max | E5: Status
A6: Product Promises | B6: =COUNTA(Products!$B$2:$B$11) -> 3 | C6: 3 | D6: 5 | E6: =IF(B6=0,"",IF(AND(B6>=C6,B6<=D6),"OK","Out of range (guidance)")) -> OK
A7: Epic Promises | B7: =COUNTA(Epics!$C$2:$C$81) -> 9 | C7: =B6*3 -> 9 | D7: =B6*5 -> 15 | E7: =IF(B7=0,"",IF(AND(B7>=C7,B7<=D7),"OK","Out of range (guidance)")) -> OK
A8: Journey Promises | B8: =COUNTA(Journeys!$C$2:$C$301) -> 27 | C8: =B7*3 -> 27 | D8: =B7*5 -> 45 | E8: =IF(B8=0,"",IF(AND(B8>=C8,B8<=D8),"OK","Out of range (guidance)")) -> OK
A9: Flow Promises | B9: =COUNTA(Flows!$C$2:$C$801) -> 83 | C9: =B8*3 -> 81 | D9: =B8*5 -> 135 | E9: =IF(B9=0,"",IF(AND(B9>=C9,B9<=D9),"OK","Out of range (guidance)")) -> OK
A10: Moment Promises | B10: =COUNTA(Moments!$C$2:$C$3501) -> 497 | C10: =B9*3 -> 249 | D10: =B9*5 -> 415 | E10: =IF(B10=0,"",IF(AND(B10>=C10,B10<=D10),"OK","Out of range (guidance)")) -> Out of range (guidance)
A12: Coverage check: Epics per Product (guidance 3–5 each)
A13: Product ID | B13: Product Promise Statement | C13: Epic count | D13: Status
A14: =INDEX(Products!$A$2:$A$11,ROW()-13) -> PR-01 | B14: =INDEX(Products!$B$2:$B$11,ROW()-13) -> Apply the Promise Model with ease | C14: =IF(A14="","",COUNTIF(Epics!$B$2:$B$81,A14)) -> 3 | D14: =IF(B14="","",IF(AND(C14>=3,C14<=5),"OK","Check")) -> OK
A15: =INDEX(Products!$A$2:$A$11,ROW()-13) -> PR-02 | B15: =INDEX(Products!$B$2:$B$11,ROW()-13) -> Deliver on promises | C15: =IF(A15="","",COUNTIF(Epics!$B$2:$B$81,A15)) -> 3 | D15: =IF(B15="","",IF(AND(C15>=3,C15<=5),"OK","Check")) -> OK
A16: =INDEX(Products!$A$2:$A$11,ROW()-13) -> PR-03 | B16: =INDEX(Products!$B$2:$B$11,ROW()-13) -> Improve communication | C16: =IF(A16="","",COUNTIF(Epics!$B$2:$B$81,A16)) -> 3 | D16: =IF(B16="","",IF(AND(C16>=3,C16<=5),"OK","Check")) -> OK
A17: =INDEX(Products!$A$2:$A$11,ROW()-13) -> PR-04 | B17: =INDEX(Products!$B$2:$B$11,ROW()-13) -> 0 | C17: =IF(A17="","",COUNTIF(Epics!$B$2:$B$81,A17)) -> 0 | D17: =IF(B17="","",IF(AND(C17>=3,C17<=5),"OK","Check")) -> Check
A18: =INDEX(Products!$A$2:$A$11,ROW()-13) -> PR-05 | B18: =INDEX(Products!$B$2:$B$11,ROW()-13) -> 0 | C18: =IF(A18="","",COUNTIF(Epics!$B$2:$B$81,A18)) -> 0 | D18: =IF(B18="","",IF(AND(C18>=3,C18<=5),"OK","Check")) -> Check
A19: =INDEX(Products!$A$2:$A$11,ROW()-13) -> PR-06 | B19: =INDEX(Products!$B$2:$B$11,ROW()-13) -> 0 | C19: =IF(A19="","",COUNTIF(Epics!$B$2:$B$81,A19)) -> 0 | D19: =IF(B19="","",IF(AND(C19>=3,C19<=5),"OK","Check")) -> Check
A20: =INDEX(Products!$A$2:$A$11,ROW()-13) -> PR-07 | B20: =INDEX(Products!$B$2:$B$11,ROW()-13) -> 0 | C20: =IF(A20="","",COUNTIF(Epics!$B$2:$B$81,A20)) -> 0 | D20: =IF(B20="","",IF(AND(C20>=3,C20<=5),"OK","Check")) -> Check
A21: =INDEX(Products!$A$2:$A$11,ROW()-13) -> PR-08 | B21: =INDEX(Products!$B$2:$B$11,ROW()-13) -> 0 | C21: =IF(A21="","",COUNTIF(Epics!$B$2:$B$81,A21)) -> 0 | D21: =IF(B21="","",IF(AND(C21>=3,C21<=5),"OK","Check")) -> Check
A22: =INDEX(Products!$A$2:$A$11,ROW()-13) -> PR-09 | B22: =INDEX(Products!$B$2:$B$11,ROW()-13) -> 0 | C22: =IF(A22="","",COUNTIF(Epics!$B$2:$B$81,A22)) -> 0 | D22: =IF(B22="","",IF(AND(C22>=3,C22<=5),"OK","Check")) -> Check
A23: =INDEX(Products!$A$2:$A$11,ROW()-13) -> PR-10 | B23: =INDEX(Products!$B$2:$B$11,ROW()-13) -> 0 | C23: =IF(A23="","",COUNTIF(Epics!$B$2:$B$81,A23)) -> 0 | D23: =IF(B23="","",IF(AND(C23>=3,C23<=5),"OK","Check")) -> Check
A25: Lineage Navigator (type or select a Moment ID)
A26: Moment ID
A27: Moment Statement | B27: =IF(B26="","",VLOOKUP(B26,Moments!$A$2:$C$3501,3,FALSE))
A28: Flow ID | B28: =IF(B26="","",VLOOKUP(B26,Moments!$A$2:$B$3501,2,FALSE)) | D28: Moments in this Flow | E28: =IF(B28="","",COUNTIF(Moments!$B$2:$B$3501,B28))
A29: Flow Statement | B29: =IF(B28="","",VLOOKUP(B28,Flows!$A$2:$C$801,3,FALSE))
A30: Journey ID | B30: =IF(B28="","",VLOOKUP(B28,Flows!$A$2:$B$801,2,FALSE)) | D30: Flows in this Journey | E30: =IF(B30="","",COUNTIF(Flows!$B$2:$B$801,B30))
A31: Journey Statement | B31: =IF(B30="","",VLOOKUP(B30,Journeys!$A$2:$C$301,3,FALSE))
A32: Epic ID | B32: =IF(B30="","",VLOOKUP(B30,Journeys!$A$2:$B$301,2,FALSE)) | D32: Journeys in this Epic | E32: =IF(B32="","",COUNTIF(Journeys!$B$2:$B$301,B32))
A33: Epic Statement | B33: =IF(B32="","",VLOOKUP(B32,Epics!$A$2:$C$81,3,FALSE))
A34: Product ID | B34: =IF(B32="","",VLOOKUP(B32,Epics!$A$2:$B$81,2,FALSE)) | D34: Epics in this Product | E34: =IF(B34="","",COUNTIF(Epics!$B$2:$B$81,B34))
A35: Product Statement | B35: =IF(B34="","",VLOOKUP(B34,Products!$A$2:$B$11,2,FALSE))

Sheet Instructions
A1: Promise Model Tracker (Capstone Design Phase)
A3: What this workbook is for
A4: Use this workbook to capture and review your Promise Model during the design-intent stage. Enter promise statements and link them to their parent promise (strict nesting). The Dashboard sheet will summarize counts and help you traverse lineage from Moment → Product.
A6: How to use (recommended workflow)
A7: 1) Products: write 3–5 Product Promise statements (core value promises).
A8: 2) Epics: add 3–5 Epic Promises per Product Promise (choose Parent Product ID from the dropdown).
A9: 3) Journeys: add 3–5 Journey Promises per Epic Promise.
A10: 4) Flows: add 3–5 Flow Promises per Journey Promise.
A11: 5) Moments: add 3–5 Moment Promises per Flow Promise (Moments are your user-story-level articulation).
A12: 6) Dashboard: review roll-up counts (guidance) and use the Navigator to trace promise lineage.
A15: Color legend
A16: Blue text: fields you type in (statements, parent IDs, notes).
... A18: Dashboard highlights: guidance only (no locks).

Sheet Products
A1: Product Promise ID | B1: Product Promise Statement | C1: Notes
A2: PR-01 | B2: Apply the Promise Model with ease
A3: PR-02 | B3: Deliver on promises
A4: PR-03 | B4: Improve communication
A5: PR-04
A6: PR-05
A7: PR-06
A8: PR-07
A9: PR-08
A10: PR-09
A11: PR-10

Sheet Epics
A1: Epic Promise ID | B1: Parent Product ID | C1: Epic Promise Statement | D1: Notes
A2: EP-001 | B2: PR-01 | C2: Create and visualize promise stack
A3: EP-002 | B3: PR-01 | C3: Be provided with guidance
A4: EP-003 | B4: PR-01 | C4: Import existing projects
A5: EP-004 | B5: PR-02 | C5: Set and manage deadlines
A6: EP-005 | B6: PR-02 | C6: Break down promises into tasks
A7: EP-006 | B7: PR-02 | C7: Assign accountability
A8: EP-007 | B8: PR-03 | C8: Comment
A9: EP-008 | B9: PR-03 | C9: Recieve notifications
A10: EP-009 | B10: PR-03 | C10: Share stacks
A11: EP-010
A12: EP-011
A13: EP-012
A14: EP-013
A15: EP-014
A16: EP-015
A17: EP-016
A18: EP-017
A19: EP-018
A20: EP-019
A21: EP-020
A22: EP-021
... A81: EP-080

Sheet Journeys
A1: Journey Promise ID | B1: Parent Epic ID | C1: Journey Promise Statement | D1: Notes
A2: JR-0001 | B2: EP-001 | C2: Starting a project from scratch
A3: JR-0002 | B3: EP-001 | C3: Building stack as a team
A4: JR-0003 | B4: EP-001 | C4: Reviewing or refining existing stack
A5: JR-0004 | B5: EP-002 | C5: There is confusion about what a Promise, Epic, etc., is
A6: JR-0005 | B6: EP-002 | C6: There is confusion about what the ordering is for Promise, Epic, etc.
A7: JR-0006 | B7: EP-002 | C7: A user is confused about site navigation
A8: JR-0007 | B8: EP-003 | C8: Student is migrating an existing project
A9: JR-0008 | B9: EP-003 | C9: Professor is setting up a template project for the class
A10: JR-0009 | B10: EP-003 | C10: Software professional importing requirements from a client
A11: JR-0010 | B11: EP-004 | C11: Student planning weekly sprint deadlines
A12: JR-0011 | B12: EP-004 | C12: Team adjusting deadlines mid-project due to blockers
A13: JR-0012 | B13: EP-004 | C13: Individual setting personal deadlines for their tasks
... A28: JR-0027 | B28: EP-009 | C28: Software professional shares stack with another team
A29: JR-0028
A30: JR-0029
A31: JR-0030
A32: JR-0031
A33: JR-0032
A34: JR-0033
A35: JR-0034
A36: JR-0035
A37: JR-0036
A38: JR-0037
A39: JR-0038
A40: JR-0039
... A301: JR-0300

Sheet Flows
A1: Flow Promise ID | B1: Parent Journey ID | C1: Flow Promise Statement | D1: Notes
A2: FL-0001 | B2: JR-0001 | C2: Add a Product Promise to the project
A3: FL-0002 | B3: JR-0001 | C3: Add Epics under the Promise
A4: FL-0003 | B4: JR-0001 | C4: Add Journeys under an Epic
A5: FL-0004 | B5: JR-0001 | C5: Add Flows under a Journey
A6: FL-0005 | B6: JR-0001 | C6: Add Moments under a Flow
A7: FL-0006 | B7: JR-0002 | C7: Invite teammates to the project
A8: FL-0007 | B8: JR-0002 | C8: Collaboratively add Promises as a team
A9: FL-0008 | B9: JR-0002 | C9: Reach team consensus on a promise statement
A10: FL-0009 | B10: JR-0003 | C10: Navigate through stack levels to review
A11: FL-0010 | B11: JR-0003 | C11: Edit or update a promise, epic, journey, flow, or moment
A12: FL-0011 | B12: JR-0003 | C12: Team member adds comment to stack item
A13: FL-0012 | B13: JR-0004 | C13: Learn the meaning of Promise Model term
... A84: FL-0083 | B84: JR-0027 | C84: Revoke team access once collaboration is complete
A85: FL-0084
A86: FL-0085
A87: FL-0086
A88: FL-0087
A89: FL-0088
A90: FL-0089
A91: FL-0090
A92: FL-0091
A93: FL-0092
A94: FL-0093
A95: FL-0094
A96: FL-0095
... A801: FL-0800

Sheet Moments
A1: Moment Promise ID | B1: Parent Flow ID | C1: Moment Promise Statement | D1: Acceptance / Evidence (optional) | E1: Notes
A2: MO-0001 | B2: FL-0001 | C2: User clicks "Add Promise" button | E2: Add a Product Promise to the project
A3: MO-0002 | B3: FL-0001 | C3: System displays Promise creation form
A4: MO-0003 | B4: FL-0001 | C4: User enters Promise statement
A5: MO-0004 | B5: FL-0001 | C5: User clicks "Save" button
A6: MO-0005 | B6: FL-0001 | C6: System confirms Promise created and displays in stack
A7: MO-0006 | B7: FL-0002 | C7: User navigates to a specific Promise
A8: MO-0007 | B8: FL-0002 | C8: User clicks "Add Epic" button
A9: MO-0008 | B9: FL-0002 | C9: System displays Epic creation form
A10: MO-0009 | B10: FL-0002 | C10: User enters Epic statement
A11: MO-0010 | B11: FL-0002 | C11: User clicks "Save" button
A12: MO-0011 | B12: FL-0002 | C12: System confirms Epic created and displays under its Promise
A13: MO-0012 | B13: FL-0003 | C13: User navigates to a specific Epic
A14: MO-0013 | B14: FL-0003 | C14: User clicks "Add Journey" button
... A498: MO-0497 | B498: FL-0083 | C498: System displays updated access list
A499: MO-0498
A500: MO-0499
A501: MO-0500
A502: MO-0501
A503: MO-0502
A504: MO-0503
A505: MO-0504
A506: MO-0505
A507: MO-0506
A508: MO-0507
A509: MO-0508
A510: MO-0509
... A3501: MO-3500
